Funcionario_ID,Ano,Avaliação,Meta Atingida (%)
2245,2020,5,55
95,2021,4,56
2791,2024,3,82
2343,2021,4,56
1450,2024,1,85
2258,2022,1,81
1770,2023,3,75
2373,2024,2,91
820,2022,1,53
2224,2023,5,83
1910,2023,3,56
1380,2022,2,79
2345,2022,1,69
622,2021,3,104
699,2021,1,101
477,2023,1,73
2982,2024,1,72
553,2020,3,66
1498,2024,2,74
2876,2023,2,86
1523,2021,3,93
2896,2020,3,118
1965,2020,5,62
991,2022,5,77
588,2023,3,78
2297,2023,4,75
2214,2023,3,51
2809,2023,4,84
285,2021,3,98
330,2023,3,69
1021,2024,4,64
1397,2023,5,72
656,2023,5,82
1019,2020,1,104
176,2023,5,82
1651,2022,3,88
1462,2023,5,59
101,2023,4,54
2062,2020,3,93
2858,2023,5,60
243,2022,2,78
1245,2020,5,100
128,2020,1,88
987,2021,4,98
426,2023,5,92
269,2024,2,84
1935,2024,1,99
533,2023,5,67
2662,2021,2,66
2399,2022,3,62
406,2020,5,53
1277,2023,4,70
1571,2023,3,84
1716,2022,1,54
1248,2020,3,59
469,2024,5,78
2930,2024,2,64
2474,2021,3,115
1035,2021,2,113
2660,2021,3,60
2807,2021,1,80
831,2021,3,73
1970,2021,3,89
2345,2023,5,63
986,2020,1,72
1885,2023,1,107
2269,2020,2,95
1007,2020,4,116
2260,2024,5,64
2285,2020,2,75
1956,2021,2,67
1815,2023,5,114
1412,2024,5,104
2671,2022,1,55
390,2023,4,105
2249,2024,3,98
1433,2022,1,62
2306,2020,2,58
2250,2023,2,110
717,2022,4,120
2765,2022,3,90
345,2024,5,85
1279,2024,4,67
1349,2024,2,69
977,2021,2,119
2652,2024,4,52
2114,2023,4,77
4,2023,3,119
2766,2021,3,103
2501,2023,2,62
548,2023,4,111
1880,2024,5,118
943,2022,1,90
248,2020,3,73
1581,2023,4,73
1648,2021,2,89
1784,2020,5,84
282,2024,2,52
2726,2020,2,77
657,2024,5,52
1809,2021,4,73
201,2024,4,82
808,2024,5,58
1679,2020,2,87
2076,2022,1,74
1267,2021,2,102
1014,2021,4,77
1440,2024,3,61
518,2021,1,120
425,2021,3,79
185,2022,4,113
2089,2024,5,51
2474,2023,4,71
2127,2023,1,109
1607,2021,1,101
848,2022,1,96
2782,2024,5,52
635,2023,1,95
1884,2021,5,79
584,2021,2,116
655,2021,3,62
2543,2023,4,113
1613,2023,2,107
1679,2024,2,82
634,2023,1,92
589,2022,2,93
1995,2020,4,115
2078,2022,2,103
487,2020,1,110
1473,2023,4,76
580,2021,1,75
2241,2020,3,53
1459,2023,5,65
2868,2022,3,58
1523,2020,5,114
1912,2021,3,86
1031,2023,3,63
1359,2022,2,100
68,2020,2,109
2705,2023,2,109
1431,2024,1,85
2323,2020,3,101
136,2022,4,106
472,2020,2,78
2783,2020,5,63
785,2024,4,98
1122,2022,2,93
65,2020,3,105
2505,2024,2,67
2757,2022,2,61
635,2021,1,85
1044,2022,2,89
2267,2021,2,101
2176,2021,3,82
2215,2023,5,104
376,2021,4,67
2726,2021,1,96
417,2022,5,67
1668,2022,1,70
1822,2023,4,101
572,2023,1,101
1023,2020,4,77
353,2020,1,119
719,2023,2,100
85,2020,3,70
2531,2021,3,64
262,2020,1,98
615,2021,4,98
2554,2021,2,85
434,2021,2,91
327,2020,3,66
786,2022,2,117
1386,2024,5,103
2366,2023,4,104
199,2020,4,55
335,2021,4,85
1371,2022,4,114
2322,2020,4,73
840,2021,3,84
387,2024,1,64
527,2023,5,120
388,2022,2,101
513,2022,4,112
38,2024,5,96
2624,2023,5,71
1893,2020,4,114
1861,2021,5,60
1601,2024,5,96
1990,2023,1,76
1995,2021,2,96
2406,2023,3,100
1894,2021,3,94
1281,2023,3,93
743,2023,5,103
2624,2024,1,116
812,2024,2,78
445,2022,4,81
1299,2023,4,82
1976,2022,2,109
209,2021,5,73
2675,2024,1,67
2067,2023,3,98
1621,2020,5,116
867,2020,3,79
311,2022,1,100
2798,2022,3,62
1613,2023,4,111
223,2023,5,90
716,2024,2,94
506,2022,5,99
1346,2021,4,72
2110,2020,5,53
2833,2021,4,102
1995,2022,1,93
1794,2024,4,62
3000,2024,1,84
507,2021,2,72
1447,2020,2,68
1649,2024,4,111
1511,2024,1,69
2105,2020,2,119
2804,2021,5,84
2543,2024,5,111
684,2022,3,88
730,2024,4,69
526,2021,4,116
1321,2021,5,100
1321,2023,2,93
835,2023,1,67
2049,2021,2,109
1982,2022,3,81
246,2020,2,61
1994,2021,4,56
2722,2024,1,80
1990,2024,4,78
1794,2022,1,79
480,2020,5,62
2730,2022,3,70
1553,2023,5,73
1759,2020,1,85
2727,2023,4,63
2949,2023,2,105
1580,2024,2,74
1644,2024,4,64
2436,2024,4,63
2390,2024,5,60
2891,2022,4,114
1040,2021,4,111
56,2024,5,65
1105,2023,5,103
967,2024,5,117
1586,2024,5,113
1914,2020,5,118
2399,2024,1,91
2880,2022,3,90
2438,2020,5,116
2860,2023,4,71
2200,2023,3,94
405,2020,4,58
2202,2021,4,64
1402,2024,1,92
2927,2022,4,58
1574,2020,1,93
2789,2020,2,107
325,2020,2,103
26,2024,3,79
957,2022,2,114
1739,2020,2,109
321,2021,5,65
887,2020,1,105
1136,2022,1,80
2176,2022,5,100
2680,2023,5,99
2530,2023,4,105
22,2021,5,91
1174,2024,5,91
1332,2022,4,112
726,2024,4,69
1777,2021,5,73
1561,2023,1,110
359,2021,5,55
533,2023,2,106
2278,2022,1,110
2440,2022,4,85
1916,2021,4,104
702,2020,5,59
1525,2024,4,116
1911,2024,4,59
102,2022,4,97
882,2021,5,73
1351,2020,4,57
2672,2023,5,103
114,2024,4,115
154,2024,1,59
2082,2020,4,118
1756,2021,1,60
842,2021,2,114
1969,2021,5,105
1036,2020,1,92
1815,2024,3,73
1965,2020,3,67
2166,2020,2,58
417,2021,4,63
2193,2022,1,107
965,2021,5,65
1983,2022,5,105
403,2022,3,100
1334,2024,4,73
2145,2020,1,88
694,2022,3,84
1127,2024,2,55
922,2021,3,85
396,2023,3,64
2880,2022,5,97
2169,2023,3,73
1793,2024,2,80
1819,2023,2,95
810,2023,4,111
1974,2022,5,94
480,2020,3,68
1535,2021,4,69
2434,2023,5,104
1723,2022,3,103
2669,2020,3,84
1094,2021,5,80
779,2020,3,115
35,2024,4,60
2763,2024,4,85
2654,2022,1,70
270,2022,3,72
1202,2021,2,114
2865,2022,3,85
1278,2021,1,94
157,2023,4,88
1663,2020,2,87
2273,2021,3,70
117,2024,5,62
2126,2024,2,52
1481,2023,5,83
1037,2022,4,86
2893,2021,1,102
2396,2022,4,119
1421,2021,2,81
1329,2022,5,68
1033,2022,3,89
47,2022,3,58
460,2020,3,72
1844,2024,3,92
2996,2024,4,120
2131,2024,3,87
1669,2022,1,63
2135,2021,2,57
1289,2023,4,70
1901,2020,4,120
2080,2021,4,98
1508,2024,4,75
1676,2024,5,102
2483,2020,1,78
2480,2020,4,59
2809,2024,2,101
737,2023,3,73
1755,2023,2,71
1710,2023,1,71
2808,2022,5,59
917,2021,3,83
2224,2024,2,117
2845,2023,3,116
762,2023,3,82
725,2022,2,89
742,2024,1,112
506,2024,4,116
409,2022,5,54
286,2020,2,55
982,2024,3,60
1848,2024,2,85
972,2023,4,93
388,2024,3,68
2557,2023,1,108
125,2023,4,100
1281,2022,3,93
1867,2021,1,85
2665,2022,1,67
2440,2024,2,54
1761,2024,4,97
2086,2020,2,104
1417,2023,5,86
2299,2022,4,116
2102,2023,2,103
1989,2021,5,59
2850,2024,5,65
1383,2023,3,103
627,2021,2,105
2760,2024,5,102
2930,2023,2,83
148,2020,3,63
922,2023,3,51
2017,2024,4,83
1393,2021,1,61
1726,2021,1,53
2222,2021,2,94
1588,2024,4,111
97,2021,5,72
2185,2022,3,61
1454,2022,1,86
1445,2021,3,91
1761,2022,2,61
627,2022,3,53
1850,2022,1,79
2352,2023,2,99
1927,2020,2,79
2626,2024,1,93
487,2023,2,85
2683,2022,3,112
2765,2023,1,101
2018,2024,1,51
1513,2021,3,75
1241,2024,1,116
1163,2021,5,68
1509,2024,2,85
2720,2020,5,80
2421,2024,4,106
2411,2023,2,100
409,2023,5,65
2680,2021,1,111
1829,2023,1,59
1787,2023,3,65
2513,2022,3,85
472,2021,3,80
227,2024,2,54
2310,2023,5,106
392,2020,5,73
1928,2023,1,116
148,2024,1,51
2166,2020,4,90
874,2020,2,62
2845,2024,2,95
393,2023,3,55
343,2021,2,50
406,2021,3,78
1005,2024,4,89
837,2020,4,120
1738,2024,5,95
222,2024,5,61
236,2020,3,70
2233,2021,5,105
2624,2024,1,115
2393,2021,3,66
2775,2021,2,104
699,2023,3,99
2669,2024,1,119
2177,2021,5,104
1873,2020,1,73
2590,2021,2,89
205,2022,3,80
1917,2022,5,62
1230,2022,2,68
474,2020,5,100
156,2022,2,94
377,2021,5,105
1106,2023,5,70
2965,2021,1,70
813,2022,5,103
1837,2021,3,60
2587,2020,4,102
2713,2022,5,107
2000,2023,2,113
2585,2022,3,86
2258,2020,2,50
1867,2023,3,72
337,2022,2,109
612,2023,5,104
2813,2020,4,95
1173,2022,2,66
1362,2020,2,84
68,2022,3,75
1094,2024,3,98
140,2021,3,78
727,2024,2,77
2201,2023,1,109
1634,2021,1,78
731,2020,2,107
444,2023,4,68
28,2021,1,94
2323,2021,1,50
1126,2023,2,69
2848,2023,3,55
1195,2024,4,81
141,2024,4,89
1698,2020,5,86
593,2022,1,59
2053,2023,1,98
701,2023,1,73
52,2021,1,50
292,2022,5,85
849,2022,2,70
2813,2021,5,117
1674,2022,2,84
982,2022,5,104
2188,2021,4,80
511,2021,1,118
2041,2024,3,86
803,2021,2,116
1525,2024,4,93
1455,2024,1,107
2536,2023,5,69
2815,2021,5,103
536,2024,1,94
511,2020,3,65
2138,2022,4,114
957,2021,5,112
709,2023,5,106
2051,2023,3,119
1784,2020,4,57
1979,2023,3,118
2929,2022,5,56
1010,2023,2,105
2614,2024,2,101
2614,2020,5,90
439,2022,1,120
2877,2023,4,87
2832,2020,2,113
318,2021,4,63
2802,2023,3,59
995,2023,1,69
2027,2021,5,79
2699,2024,2,55
2943,2024,2,54
2183,2021,5,79
1519,2022,1,109
1337,2022,1,64
783,2023,3,69
1605,2021,3,75
1168,2022,5,85
2715,2021,1,106
2917,2021,1,88
2433,2021,2,85
2725,2022,2,117
2753,2021,3,74
944,2020,2,79
423,2021,5,94
207,2024,4,50
1803,2024,5,68
2565,2024,4,90
546,2022,4,110
450,2023,1,55
2947,2023,4,109
1991,2022,1,66
2417,2022,5,54
766,2020,2,117
2682,2022,3,116
1781,2023,4,74
1972,2020,4,119
2873,2024,1,92
974,2023,4,120
2770,2022,1,86
2615,2023,1,80
232,2024,3,81
152,2021,3,97
2302,2024,3,81
1130,2021,2,65
947,2021,2,58
2108,2021,3,59
1598,2023,4,51
217,2023,4,59
1074,2020,3,103
730,2023,5,85
2301,2022,4,104
789,2024,5,79
2892,2020,1,85
2807,2024,1,116
1552,2021,1,78
2896,2024,1,91
1150,2022,3,108
879,2022,2,84
356,2022,1,89
405,2020,1,112
1806,2023,3,120
2793,2021,2,82
1588,2023,4,51
102,2023,1,52
2567,2022,2,86
185,2023,1,87
1875,2023,1,70
1155,2023,5,70
1369,2022,3,89
2483,2021,1,102
397,2020,1,89
1823,2021,5,108
2655,2021,1,105
2325,2020,2,67
1365,2024,3,52
667,2020,1,106
1381,2022,3,85
2267,2022,1,80
1158,2022,5,91
1161,2020,1,92
2984,2021,4,51
1187,2022,1,67
1231,2020,3,113
2635,2021,3,97
2083,2023,5,68
1982,2023,2,104
483,2024,1,93
2493,2023,4,74
1791,2024,3,62
2711,2022,2,117
1764,2021,2,111
17,2021,5,118
2769,2022,2,66
974,2020,1,65
333,2024,3,53
1742,2020,5,52
883,2024,5,103
2760,2021,1,104
454,2020,1,99
2086,2022,5,82
1178,2024,2,107
1999,2022,5,78
2554,2023,1,120
546,2024,3,90
2659,2020,5,53
194,2020,1,62
1216,2020,1,99
163,2024,4,79
664,2023,2,54
921,2024,3,120
804,2022,2,96
1686,2020,5,56
1669,2021,3,89
769,2024,5,117
714,2022,4,62
878,2024,2,108
1891,2020,4,99
1821,2023,5,69
2438,2023,3,83
2504,2024,5,98
1066,2022,3,77
868,2020,2,63
2916,2022,2,81
360,2022,1,88
148,2023,1,67
1595,2020,4,75
2608,2020,5,55
130,2023,1,108
933,2022,5,88
2920,2021,2,73
427,2024,1,113
2406,2023,5,70
885,2021,5,105
2473,2021,4,61
2148,2022,1,87
2388,2022,1,110
2153,2022,4,67
2306,2024,1,104
1947,2021,3,50
2659,2024,3,70
2023,2024,1,117
597,2021,5,113
2147,2020,1,53
779,2023,5,114
2002,2024,1,61
1285,2020,1,62
2723,2020,1,86
234,2020,5,102
157,2023,5,114
1665,2024,3,101
2865,2021,5,70
2559,2020,4,104
1622,2020,3,103
2883,2024,1,90
2353,2024,1,102
2635,2024,4,51
2909,2020,4,95
2273,2022,3,102
771,2020,3,111
2470,2022,5,53
141,2022,5,75
2729,2021,3,84
1812,2024,2,70
561,2023,5,78
674,2023,1,116
1956,2020,1,74
598,2020,2,52
172,2020,4,75
1360,2022,4,115
2842,2024,5,84
1848,2020,2,83
2348,2024,5,103
1427,2024,5,85
2486,2020,5,89
1494,2023,2,115
2135,2021,3,76
1413,2022,1,120
1339,2022,4,68
782,2020,2,70
2862,2024,2,82
1928,2021,3,92
1734,2020,2,69
652,2023,5,95
1681,2024,4,53
1042,2024,4,55
2008,2022,1,107
1530,2023,3,66
1607,2022,3,60
829,2021,3,101
442,2023,5,82
129,2020,2,54
640,2022,5,105
1581,2020,3,55
1562,2021,3,54
2087,2021,2,93
387,2020,4,73
2412,2022,3,106
2417,2022,4,96
2390,2024,4,102
443,2020,2,90
538,2022,1,91
2848,2022,5,64
1546,2023,3,106
2402,2022,2,76
1509,2023,3,76
706,2020,1,82
2776,2024,5,105
230,2020,1,96
2870,2022,5,51
136,2021,3,69
1080,2022,2,94
2365,2020,4,106
2087,2022,5,104
985,2024,1,83
2406,2020,3,83
2475,2022,2,59
30,2021,4,94
1576,2024,2,52
1973,2020,1,117
1796,2023,3,81
56,2020,3,66
2116,2020,5,90
2116,2024,5,77
2780,2020,4,108
524,2020,3,60
710,2020,3,81
2200,2024,1,86
1331,2024,4,83
1718,2021,4,79
1559,2023,3,71
2695,2023,5,65
602,2024,3,108
1694,2023,2,80
1847,2023,2,76
2459,2020,4,97
527,2021,4,56
2082,2024,4,76
1441,2024,3,76
2949,2024,2,60
2029,2023,4,68
2734,2022,4,76
1264,2023,4,76
2932,2024,4,51
1665,2023,4,67
83,2020,4,74
1072,2022,3,53
1516,2020,4,69
2887,2021,4,54
1694,2020,3,61
343,2021,4,50
2997,2020,3,69
1388,2023,2,68
796,2023,4,57
1992,2023,2,109
2357,2022,5,107
1601,2023,5,104
2878,2024,1,108
1536,2024,2,118
1448,2021,3,61
401,2021,3,61
1001,2024,5,65
2196,2022,1,68
185,2024,3,55
1544,2024,2,102
229,2023,3,98
671,2022,3,55
1036,2024,2,91
225,2020,2,78
2568,2022,4,53
1847,2023,3,60
878,2023,5,97
2304,2020,4,58
2766,2022,4,85
2968,2021,5,65
2660,2021,5,116
2521,2022,3,53
322,2021,2,54
724,2023,2,65
220,2022,5,113
1145,2023,4,105
618,2022,5,69
2175,2023,5,60
994,2023,1,69
2140,2023,4,75
149,2024,1,118
24,2023,2,96
651,2023,5,116
2425,2023,3,109
313,2021,5,92
501,2021,1,94
1193,2020,5,118
1498,2020,2,77
7,2020,3,69
1752,2024,4,117
427,2024,1,66
1204,2024,1,74
494,2020,2,109
682,2021,5,83
1875,2021,4,96
1242,2024,4,69
2919,2021,3,73
2425,2022,1,70
2698,2024,5,112
1711,2024,4,84
1032,2024,3,100
1080,2021,2,57
2521,2022,5,65
275,2024,4,63
2600,2023,1,119
599,2021,3,82
2560,2023,5,112
802,2023,1,98
868,2023,3,82
103,2022,2,62
1850,2020,3,112
1282,2021,1,50
130,2024,1,114
162,2023,5,66
2558,2022,1,111
939,2024,1,93
508,2023,1,111
2046,2024,5,53
1007,2022,5,73
1964,2020,5,77
2718,2024,3,120
2419,2023,1,91
2537,2020,5,99
68,2024,2,53
1137,2021,4,98
657,2021,2,95
644,2020,5,111
246,2021,3,102
2801,2022,1,65
1547,2020,2,107
2219,2024,1,58
1424,2022,5,99
83,2022,3,105
744,2020,1,51
1245,2020,2,77
2241,2020,1,106
797,2021,2,84
2817,2022,3,56
2527,2024,1,93
1990,2024,3,60
1565,2022,3,98
2912,2023,1,103
1417,2024,4,66
1035,2023,3,67
1768,2023,5,55
339,2024,4,89
717,2024,1,78
2974,2023,4,57
808,2023,2,76
208,2020,1,97
2892,2023,4,104
1521,2021,4,88
100,2021,3,96
1029,2021,5,97
24,2024,2,58
2016,2024,3,93
2354,2024,1,96
1019,2021,5,99
310,2020,4,108
1909,2020,2,75
2387,2023,3,102
1547,2022,3,51
1286,2024,1,107
712,2023,3,51
1325,2024,4,53
200,2021,1,76
1031,2024,3,51
1053,2024,1,106
2318,2022,5,114
1752,2020,1,51
2529,2024,3,86
1365,2022,4,92
1941,2021,3,79
459,2022,3,76
577,2021,2,73
2021,2020,3,69
2118,2022,3,66
1431,2023,3,120
2472,2021,1,63
2670,2024,1,91
1804,2020,3,82
709,2022,1,84
715,2020,4,55
2703,2023,4,55
375,2022,2,93
2027,2021,5,88
821,2022,1,102
2154,2021,1,68
876,2020,4,73
2996,2024,3,112
1449,2020,4,87
1113,2024,2,113
2206,2021,2,85
310,2022,1,117
1325,2020,1,109
1924,2022,2,68
1534,2021,3,85
1438,2023,4,88
371,2020,5,52
208,2020,3,93
1724,2022,1,92
1077,2020,5,116
1693,2021,5,85
2706,2024,4,65
2508,2022,4,100
2700,2020,1,113
770,2022,3,115
1299,2022,5,118
1798,2021,5,84
515,2021,4,91
1661,2023,3,114
1207,2020,1,117
837,2024,2,62
67,2022,3,68
2125,2021,4,82
1648,2023,2,79
2511,2020,5,64
176,2023,4,73
1284,2021,3,93
175,2020,1,109
1596,2020,1,90
990,2021,5,109
1064,2021,4,68
2149,2020,4,75
1533,2022,2,107
1184,2020,3,113
2986,2024,3,65
2392,2020,3,102
1499,2022,5,85
486,2021,5,66
2367,2023,4,91
2379,2021,4,97
1494,2021,5,91
1920,2023,4,70
2460,2020,3,88
644,2020,4,58
675,2023,3,52
1558,2021,1,59
330,2024,4,61
1689,2020,2,56
2160,2024,2,57
318,2022,4,62
1386,2020,1,114
943,2023,4,97
967,2020,1,95
2946,2021,1,111
825,2023,4,55
464,2024,4,109
884,2023,1,69
1139,2024,5,89
2466,2021,3,92
712,2022,5,61
2551,2020,1,85
1406,2020,2,94
2484,2021,1,80
1559,2022,4,69
2504,2020,4,60
1867,2021,2,100
2569,2020,1,84
1155,2020,1,107
2532,2024,1,93
2711,2021,2,115
1082,2024,2,51
1093,2024,1,116
1591,2024,4,64
1276,2022,3,113
427,2020,5,114
2699,2020,2,93
911,2021,4,57
2297,2024,4,108
2539,2023,5,58
2914,2021,3,76
1401,2022,4,50
2247,2021,2,109
2580,2023,5,87
1263,2021,2,94
2336,2024,4,79
2801,2022,3,63
2933,2024,5,73
67,2022,2,104
968,2021,4,68
2367,2024,1,105
1495,2021,5,62
2227,2023,3,59
1286,2020,4,80
564,2024,1,106
192,2020,2,67
1792,2021,2,115
2680,2024,2,88
2790,2023,3,59
2793,2020,4,98
470,2020,2,53
2219,2024,4,99
2152,2024,3,84
1871,2022,5,66
2803,2020,4,96
1692,2023,5,89
815,2020,2,120
150,2024,4,85
1572,2020,3,78
2758,2020,1,66
287,2023,4,117
2449,2023,5,60
1527,2023,1,54
16,2024,3,90
1809,2021,2,119
2136,2024,4,63
2300,2024,2,55
402,2023,2,78
1379,2024,5,117
550,2020,1,83
194,2023,3,84
1291,2020,2,103
769,2024,1,102
2551,2022,4,55
2034,2021,2,110
1869,2024,3,111
727,2020,3,119
2713,2024,1,71
36,2024,2,93
1734,2023,2,87
943,2021,1,62
2127,2020,5,79
2252,2023,3,112
1386,2021,2,64
1762,2023,3,83
427,2020,3,107
1699,2021,2,90
1401,2022,1,50
2604,2023,2,73
584,2023,5,61
2139,2022,1,93
871,2024,1,59
2710,2023,1,76
769,2024,5,114
2946,2022,4,53
1629,2023,1,73
1932,2020,1,91
2481,2023,3,79
2214,2021,3,89
1115,2021,1,104
159,2022,3,61
1636,2023,1,113
1428,2020,4,58
801,2022,4,54
1292,2022,5,109
1968,2023,2,105
565,2022,3,50
1001,2021,4,66
520,2023,3,90
1721,2020,5,66
1282,2023,1,64
2241,2024,3,100
723,2022,1,55
370,2021,4,74
2848,2020,1,98
709,2024,4,115
933,2024,5,83
2610,2020,5,72
2646,2021,4,116
2363,2024,5,116
2650,2020,4,60
1882,2021,1,85
2592,2024,4,61
1844,2020,1,107
782,2023,1,74
1859,2021,2,88
1077,2021,3,119
676,2024,2,89
2596,2023,3,72
2610,2023,2,55
68,2023,4,85
2114,2022,2,83
75,2022,5,80
2437,2022,2,72
1568,2023,5,53
1082,2024,5,102
1480,2020,3,114
746,2021,5,63
2482,2024,1,86
2448,2023,5,50
2055,2024,1,92
311,2022,3,118
2016,2023,4,66
2337,2020,5,74
2569,2020,3,78
1972,2022,3,105
677,2024,5,62
1917,2021,4,110
1692,2024,2,119
493,2021,3,51
2895,2022,5,63
2801,2023,1,97
2226,2022,5,71
842,2024,5,92
425,2022,1,100
2166,2023,3,63
1127,2021,4,109
1927,2022,3,116
1629,2021,3,111
2765,2022,5,84
2190,2023,2,72
1578,2023,1,66
2941,2024,2,94
2251,2022,5,115
41,2022,4,61
784,2020,1,70
1524,2020,3,115
2395,2020,5,65
2525,2020,4,120
1327,2022,4,86
796,2020,5,116
1832,2024,1,114
1565,2023,2,54
1192,2021,2,83
753,2020,1,55
2661,2023,5,81
441,2023,1,112
2316,2022,1,59
2545,2021,3,54
144,2023,1,80
1204,2023,1,90
1868,2024,4,104
759,2024,2,62
2832,2020,5,103
2768,2023,4,105
713,2022,1,117
1953,2022,2,98
982,2020,5,98
665,2024,2,98
1947,2020,2,62
130,2023,4,64
659,2022,1,73
1466,2023,3,108
2647,2024,2,98
358,2023,4,75
265,2020,2,115
1539,2022,3,51
153,2020,5,61
1899,2020,2,53
560,2021,1,111
2625,2024,5,99
2046,2023,4,57
1382,2022,1,120
1549,2023,4,86
1589,2022,1,92
2515,2023,2,76
2541,2022,1,80
217,2022,5,88
1716,2024,2,112
914,2021,1,103
2263,2023,2,79
279,2022,2,65
1703,2022,5,110
2177,2020,1,69
359,2023,5,81
1283,2020,3,104
2451,2020,4,110
2678,2024,2,53
2936,2022,3,109
725,2023,4,107
1200,2022,2,90
2442,2024,2,77
2202,2023,4,52
745,2020,2,69
1391,2021,2,107
22,2021,3,104
2169,2024,2,111
950,2020,5,90
2305,2022,1,114
2202,2024,4,97
1305,2021,1,86
227,2021,4,80
1497,2023,4,92
2737,2023,5,89
2923,2022,4,62
1564,2021,1,118
870,2024,4,60
2140,2020,3,67
781,2024,5,55
47,2022,1,61
1131,2022,3,96
1994,2024,2,74
2890,2024,2,70
831,2023,5,111
760,2024,5,97
675,2020,1,53
1979,2021,3,114
2495,2021,1,84
1932,2024,1,66
2851,2022,2,120
2678,2022,1,95
2971,2021,1,78
2382,2024,2,116
2956,2022,1,72
1480,2023,1,108
443,2021,2,120
875,2022,1,101
524,2024,5,120
2719,2020,4,84
2652,2020,1,99
2218,2024,1,79
2625,2022,3,118
406,2021,5,112
1119,2021,5,66
475,2020,1,99
377,2022,5,56
1839,2022,3,83
242,2022,4,104
2882,2022,2,103
2032,2022,2,62
1080,2024,4,105
760,2024,5,54
2233,2023,1,67
300,2021,2,93
1213,2022,5,50
2397,2024,2,119
1544,2023,3,90
1741,2022,3,53
1957,2020,5,93
2347,2021,3,75
2864,2021,3,96
176,2021,5,60
2286,2020,3,55
1191,2023,1,56
2395,2022,4,59
1331,2022,5,65
2430,2020,2,77
486,2023,4,87
757,2020,5,105
1087,2020,3,120
1650,2023,1,91
1356,2022,2,59
1682,2023,2,109
1799,2022,2,71
2881,2022,3,58
358,2021,1,71
905,2023,5,110
955,2020,4,96
2286,2021,4,119
1001,2023,5,110
1779,2022,2,78
2140,2020,1,50
247,2022,4,58
2956,2021,2,55
813,2024,1,78
1937,2021,5,90
1096,2022,4,110
34,2020,5,118
619,2021,1,61
219,2020,5,76
1245,2021,1,89
1683,2023,3,119
1435,2022,4,71
1122,2024,3,67
858,2021,1,60
1472,2024,5,110
2424,2021,5,85
618,2024,4,117
1005,2023,1,57
2866,2024,3,90
68,2024,2,101
2973,2023,3,103
1910,2021,3,71
2169,2020,3,90
2441,2022,5,77
586,2024,3,75
1405,2022,5,96
2075,2023,4,106
1785,2020,1,95
559,2023,1,116
381,2020,2,52
693,2022,5,110
1036,2022,1,64
2981,2022,4,90
937,2024,3,111
2143,2021,4,106
101,2020,2,119
766,2021,3,116
2465,2024,5,86
62,2022,3,116
2003,2021,4,85
1159,2023,4,99
767,2024,5,111
2873,2023,1,56
1233,2021,3,65
1133,2022,3,58
1022,2020,1,90
1838,2022,5,90
2919,2023,2,110
849,2022,2,90
125,2023,3,71
2527,2021,3,113
2357,2024,4,67
1220,2024,1,96
319,2020,1,51
924,2021,2,94
1398,2020,1,108
375,2020,2,58
2250,2021,4,52
1929,2023,3,95
208,2024,1,73
1956,2022,1,107
1447,2020,2,84
897,2024,1,95
272,2021,5,71
47,2022,2,65
2137,2022,3,67
772,2021,2,73
1180,2021,4,53
1630,2024,4,114
2843,2020,5,84
2150,2021,5,62
306,2024,5,57
1843,2024,5,50
6,2024,3,61
374,2024,1,50
264,2020,2,109
1081,2021,1,109
2988,2022,2,96
1442,2020,5,57
1060,2023,3,114
868,2022,4,84
1615,2021,1,77
129,2023,3,109
2370,2020,4,53
1188,2024,4,58
377,2022,1,71
1785,2023,2,113
844,2023,5,119
2305,2021,1,75
2764,2020,3,97
1351,2023,5,107
1020,2024,3,104
1879,2024,3,77
1730,2022,4,64
610,2020,4,75
1754,2022,2,96
1741,2023,1,90
2921,2020,4,76
2706,2022,2,81
2717,2024,3,97
2253,2024,2,120
115,2022,4,68
2631,2020,3,75
298,2024,4,104
1138,2022,3,112
2267,2023,4,103
1426,2023,4,71
1173,2020,1,81
2054,2021,2,92
2111,2020,2,102
1084,2021,3,108
177,2024,4,83
1710,2021,2,107
1119,2020,1,111
2545,2024,5,79
2805,2020,4,105
1241,2020,5,54
1460,2023,1,68
1071,2021,4,65
1438,2020,1,59
1350,2022,3,75
2905,2020,1,105
182,2022,3,114
2584,2020,2,112
2622,2020,5,107
374,2022,2,66
2227,2023,4,86
2846,2024,4,91
612,2021,5,102
2588,2023,1,65
1477,2020,2,51
1843,2024,2,104
2911,2020,3,96
812,2024,4,52
693,2022,1,71
1735,2020,2,58
1796,2024,1,106
2512,2023,1,53
2411,2020,3,65
2012,2022,5,98
1676,2020,2,94
1150,2022,3,69
338,2023,2,65
2650,2024,3,101
1600,2021,5,94
1017,2022,3,65
2458,2020,4,97
1865,2022,5,94
833,2024,1,63
2218,2020,4,109
1719,2024,3,62
1101,2022,4,57
1236,2022,5,63
1405,2021,2,95
1586,2024,2,96
2135,2020,1,108
2913,2024,1,53
2703,2023,4,68
823,2024,3,67
2364,2023,1,118
1539,2024,4,90
625,2023,3,53
2157,2024,5,113
1899,2021,5,111
2099,2024,3,119
1526,2024,5,63
2611,2023,1,93
2406,2021,1,100
1277,2020,1,82
369,2021,1,117
2443,2023,5,62
2806,2021,5,72
1361,2021,4,87
2719,2020,5,95
2519,2021,5,85
482,2022,5,81
6,2021,1,88
2096,2021,5,94
1636,2021,1,76
1723,2022,5,68
1293,2024,4,88
1193,2024,3,52
166,2023,4,56
210,2023,4,84
2955,2024,5,105
634,2024,2,59
1311,2024,5,86
2665,2024,4,111
366,2021,2,59
1754,2023,2,99
386,2023,2,53
1286,2024,4,105
1199,2020,2,106
2438,2022,4,88
1062,2024,1,87
35,2024,5,69
1415,2021,4,102
2621,2021,3,66
2256,2022,2,97
1566,2022,3,92
2470,2024,4,58
877,2022,3,120
2410,2024,1,92
660,2024,2,85
2378,2024,5,84
1987,2023,1,117
376,2022,4,80
162,2021,4,88
2673,2020,1,105
162,2023,1,95
1283,2024,3,55
2587,2024,3,113
210,2024,1,115
90,2022,5,66
35,2020,2,92
117,2023,5,103
274,2023,4,114
3,2024,1,80
1822,2020,5,51
2991,2020,2,71
886,2023,2,103
2656,2022,4,102
1689,2021,5,81
2228,2023,1,66
1393,2024,4,57
2513,2024,3,108
1988,2023,4,73
1931,2023,5,117
72,2021,2,87
978,2021,5,102
1999,2023,1,116
1366,2021,4,97
559,2023,2,84
845,2024,1,116
467,2023,1,96
2089,2020,2,56
2499,2022,3,91
1461,2023,2,63
2364,2021,3,57
2693,2024,5,88
2029,2022,1,53
2045,2023,4,87
2065,2024,3,73
2131,2020,2,86
595,2020,5,83
1865,2024,3,51
195,2020,2,52
499,2024,2,114
183,2023,5,61
2520,2020,2,65
2049,2021,4,117
679,2023,1,111
1098,2024,4,101
2148,2020,4,64
2085,2024,1,64
101,2021,4,96
2859,2023,4,87
644,2024,4,54
2684,2023,3,59
64,2023,1,60
345,2022,3,86
82,2023,4,75
160,2020,3,112
1749,2023,5,79
331,2020,3,59
2407,2020,4,98
208,2023,4,80
909,2021,5,83
2164,2023,5,89
668,2024,5,109
2528,2021,1,53
417,2022,1,86
491,2024,3,114
1305,2022,4,63
2857,2021,4,100
2802,2021,1,103
5,2022,2,72
2471,2024,3,101
201,2020,3,56
2102,2020,4,84
2568,2024,5,113
1730,2023,4,82
566,2023,5,100
2122,2024,5,50
319,2021,2,57
511,2022,1,78
1793,2020,3,105
720,2022,1,63
448,2023,5,73
1330,2023,1,69
1229,2022,1,120
2982,2021,5,97
2064,2020,4,57
2969,2024,2,68
1421,2023,2,86
2706,2024,3,78
599,2024,4,106
2972,2023,4,104
2734,2022,3,83
2623,2024,1,100
2759,2021,2,65
2370,2022,2,112
2266,2024,1,69
1920,2024,4,60
706,2023,3,88
2386,2023,1,103
2297,2023,2,83
790,2022,5,61
1118,2023,4,94
259,2021,5,55
711,2022,4,101
1301,2021,3,119
2543,2020,3,82
2682,2023,4,92
2219,2020,2,79
1182,2020,4,53
1558,2024,5,55
1154,2023,5,98
1160,2024,5,94
1516,2024,4,82
1671,2022,4,59
121,2021,5,66
2707,2024,3,86
494,2021,3,110
762,2024,4,81
2179,2020,4,83
501,2024,5,81
997,2021,1,114
2665,2023,2,52
156,2023,1,69
2935,2024,5,93
2953,2022,3,81
1857,2022,4,108
2042,2021,1,99
2120,2023,3,52
958,2020,5,114
2297,2023,2,76
639,2020,2,79
966,2022,2,62
482,2022,5,56
628,2020,4,104
1942,2020,4,69
1373,2021,4,65
2963,2020,1,59
2977,2023,1,113
984,2020,3,109
2893,2021,1,71
418,2023,1,81
2672,2023,4,118
1145,2023,4,61
2780,2020,5,56
225,2021,4,86
286,2021,2,118
2390,2021,5,113
1659,2022,4,75
533,2020,1,107
1619,2020,5,78
1592,2023,1,70
1428,2022,5,114
2779,2020,4,62
1573,2022,2,112
2582,2024,4,68
1514,2024,5,82
2142,2023,4,51
1228,2021,4,51
782,2020,3,72
2277,2023,5,54
100,2023,3,53
714,2024,1,59
663,2021,5,56
1602,2020,2,98
2513,2020,4,91
1890,2023,1,69
2707,2022,4,101
794,2023,2,73
2877,2020,3,109
1523,2024,5,87
2424,2024,5,101
2291,2022,4,84
1451,2024,1,93
760,2023,5,100
85,2023,2,77
2011,2024,4,101
1217,2024,5,86
1410,2022,3,50
1488,2021,5,56
1714,2020,2,116
803,2020,3,60
2391,2021,5,54
887,2020,3,106
2329,2023,5,112
1263,2021,5,98
731,2021,2,108
779,2024,4,52
1432,2024,4,63
1646,2021,2,101
398,2024,3,111
2926,2020,4,116
2548,2021,5,75
271,2021,1,116
2641,2021,2,85
2222,2022,4,94
1885,2024,3,56
2119,2024,1,53
669,2022,4,96
1897,2020,1,67
1968,2020,5,76
2006,2022,3,106
801,2020,1,59
1257,2024,2,63
1839,2024,4,99
789,2022,2,87
947,2020,2,108
2602,2022,5,97
730,2022,5,108
878,2022,3,100
1902,2023,1,112
1693,2021,1,61
1107,2021,5,84
672,2024,4,53
742,2020,3,83
2663,2021,5,88
1537,2022,2,114
102,2020,5,50
2005,2020,4,64
1405,2022,1,55
601,2021,2,78
2406,2022,2,60
1200,2024,3,77
1565,2024,2,111
1783,2023,1,114
98,2023,2,108
2846,2021,4,119
1282,2022,2,96
2301,2020,2,81
1364,2021,5,67
1698,2024,4,88
360,2023,3,63
12,2021,5,62
1736,2022,3,87
90,2020,2,70
2459,2021,5,61
1352,2023,4,100
1455,2020,5,89
1515,2023,5,92
584,2023,2,83
1022,2023,1,56
1188,2022,1,115
2976,2023,5,56
1041,2023,2,106
1822,2021,4,74
2427,2020,4,57
2227,2022,2,90
1467,2024,2,115
2156,2020,1,51
513,2023,5,102
1863,2020,3,116
798,2023,3,104
956,2022,3,103
630,2020,2,86
2222,2023,1,56
128,2022,5,89
2958,2021,3,64
1226,2021,2,117
2084,2022,4,72
1789,2023,1,117
232,2023,5,65
810,2020,5,119
2628,2020,3,98
1951,2020,1,99
647,2024,4,101
545,2020,4,83
745,2020,4,91
269,2022,3,64
2321,2020,3,112
1666,2021,4,75
122,2022,5,108
955,2023,1,114
1531,2022,1,88
2830,2023,4,88
224,2020,4,93
1316,2022,5,50
1882,2024,3,100
1948,2021,2,90
2946,2022,2,119
229,2022,1,86
2572,2022,1,87
578,2022,2,71
2056,2023,1,111
1602,2022,2,56
804,2020,3,61
2606,2024,3,91
1496,2022,5,99
630,2023,4,68
2507,2024,1,101
1821,2023,5,119
1027,2021,1,63
2984,2020,5,93
2225,2023,2,60
1804,2022,2,61
2765,2021,1,95
2885,2021,4,53
308,2024,4,70
256,2021,3,90
258,2021,2,59
125,2021,2,108
2361,2022,5,97
2932,2024,3,80
1725,2020,3,92
2034,2023,4,81
621,2022,5,67
1967,2021,5,58
586,2021,2,109
2052,2022,1,58
132,2022,4,87
354,2022,4,107
1690,2023,1,89
2274,2023,4,66
2368,2023,1,88
605,2021,4,102
270,2022,5,119
1373,2021,2,89
349,2020,4,117
2220,2022,5,59
2521,2021,4,51
2341,2020,2,105
1951,2021,5,86
1537,2023,2,54
721,2023,4,56
1064,2022,5,90
2723,2022,2,75
545,2022,1,84
1536,2023,4,90
2616,2021,5,88
1821,2021,4,102
2642,2024,4,105
2744,2021,5,118
2523,2022,1,69
409,2021,5,55
1301,2021,1,103
1929,2021,5,106
2533,2020,2,103
1599,2022,1,76
641,2021,4,89
893,2024,5,78
2879,2021,5,71
2099,2020,2,77
1064,2023,1,58
645,2021,5,73
1961,2023,2,72
410,2022,4,56
1144,2023,5,87
1432,2022,3,71
16,2024,4,120
2219,2020,2,78
2981,2022,1,110
1647,2023,3,58
2654,2024,4,54
2242,2024,1,95
1056,2021,2,60
1364,2020,5,114
54,2021,3,67
2678,2021,4,111
1501,2020,2,73
2196,2024,5,98
404,2022,4,108
669,2023,4,99
2814,2020,4,58
1378,2024,1,59
1252,2024,5,67
903,2024,3,116
1813,2020,5,108
523,2023,4,99
2356,2021,5,105
100,2024,3,83
1336,2022,3,103
1100,2024,1,89
2036,2024,3,102
1121,2023,2,118
1292,2020,1,87
549,2021,1,62
2905,2021,4,112
2257,2020,4,67
2312,2021,1,80
2008,2023,4,80
2049,2023,2,65
523,2024,4,94
1473,2021,3,103
678,2020,5,79
310,2023,1,69
777,2022,4,52
1429,2020,1,85
943,2020,1,64
1351,2024,5,50
101,2024,2,107
2935,2023,1,60
1889,2023,3,91
2522,2024,5,97
2738,2021,1,91
381,2023,1,94
1937,2022,4,55
383,2024,3,90
956,2020,4,60
2679,2024,4,70
2987,2024,4,84
315,2021,3,69
2273,2024,2,66
2811,2024,3,102
1113,2022,3,87
1853,2023,4,100
1824,2021,2,90
2752,2020,1,87
1203,2020,1,93
2306,2020,4,80
2878,2021,1,53
556,2022,5,82
533,2021,2,65
446,2024,3,117
1281,2021,5,115
10,2020,5,60
444,2020,1,53
13,2024,1,50
495,2020,1,67
2590,2023,1,101
2376,2024,4,60
1989,2021,3,95
861,2020,1,94
2002,2024,2,103
75,2022,4,94
2406,2020,2,70
810,2023,3,65
173,2024,3,116
428,2022,4,71
815,2022,1,53
1526,2024,4,59
2800,2024,2,117
1140,2020,5,68
1590,2021,5,53
2856,2024,3,98
1157,2024,3,82
72,2020,1,55
2686,2021,3,50
1612,2021,5,87
2496,2022,4,60
451,2020,1,50
1548,2021,4,77
1459,2022,2,69
1256,2020,3,99
2923,2021,3,117
1262,2020,5,63
419,2021,1,92
578,2020,4,64
230,2022,4,114
107,2023,2,61
2965,2023,3,104
2015,2023,3,77
1008,2024,3,106
1169,2020,1,74
1698,2023,5,69
1038,2024,4,110
2027,2021,4,108
2603,2022,1,120
2397,2021,1,84
2290,2024,3,92
2501,2022,2,95
2081,2024,5,120
2358,2023,3,104
2635,2023,2,58
703,2020,3,85
725,2024,4,51
353,2024,5,56
28,2022,2,114
1181,2023,5,84
1392,2024,2,82
1769,2023,4,95
2514,2023,3,81
2228,2020,3,63
689,2023,1,54
2696,2023,4,99
1942,2023,5,53
1767,2020,4,91
295,2020,3,53
2113,2023,2,104
1131,2023,1,77
549,2023,4,96
764,2021,1,56
2372,2020,2,89
516,2024,4,106
975,2023,1,100
453,2023,5,88
788,2022,3,103
595,2021,5,56
1803,2021,4,82
2025,2024,2,93
127,2023,4,89
1880,2023,4,120
2806,2024,4,115
2271,2022,5,110
1737,2024,3,110
546,2023,1,85
330,2021,5,72
2861,2020,2,108
2188,2023,4,99
1769,2022,4,87
1795,2023,3,77
83,2022,1,99
1773,2023,1,105
1041,2021,1,54
541,2020,3,93
691,2023,5,93
2087,2024,4,108
2515,2022,4,120
676,2021,5,90
352,2023,3,102
1438,2021,3,72
1648,2020,4,97
170,2023,4,65
1442,2021,5,86
767,2022,2,87
845,2021,4,112
333,2023,2,111
2330,2021,2,103
740,2023,5,78
431,2020,1,58
1268,2020,1,107
2874,2023,4,54
501,2021,1,119
2964,2023,2,100
2281,2022,2,81
967,2022,5,81
2080,2022,2,114
123,2023,4,60
2632,2021,1,85
2644,2024,1,57
1561,2023,2,65
1269,2024,2,118
2995,2024,2,74
1861,2024,5,91
2662,2022,2,78
913,2021,1,63
2708,2022,4,111
2235,2022,2,70
174,2022,4,56
1159,2023,2,76
574,2021,1,51
2387,2021,3,77
2390,2022,2,107
911,2024,5,60
1825,2022,2,77
2232,2022,4,66
1374,2021,5,95
1851,2023,2,118
898,2024,4,120
225,2024,2,102
238,2020,3,109
1644,2022,2,52
729,2023,4,118
905,2022,3,86
796,2022,3,119
2617,2021,2,101
1825,2020,2,77
2007,2020,5,81
2446,2023,5,118
377,2022,5,90
2817,2024,3,116
2258,2020,1,65
2236,2020,5,58
2496,2020,5,98
2904,2023,1,52
137,2022,2,107
2072,2024,1,63
1058,2024,3,97
1123,2023,4,100
1762,2021,5,89
271,2020,5,60
2508,2023,3,57
272,2020,1,107
2731,2022,2,64
1568,2023,3,101
2003,2024,1,114
2388,2021,1,68
1848,2022,5,106
2450,2021,5,119
667,2024,4,58
2914,2022,3,70
1781,2023,2,50
1053,2022,3,71
610,2020,3,56
2331,2022,3,66
98,2020,3,65
2687,2023,3,68
2561,2024,2,71
2601,2021,1,119
2259,2022,5,74
1219,2021,1,69
2185,2020,4,118
95,2021,1,116
276,2024,1,82
1389,2024,4,63
1798,2023,2,97
30,2020,3,65
2427,2020,5,56
147,2020,4,96
570,2023,3,81
190,2020,4,57
1836,2022,3,78
791,2021,2,74
624,2024,5,105
860,2024,2,88
1940,2020,5,105
857,2023,2,92
733,2023,2,103
1048,2022,2,67
1445,2020,3,52
1532,2024,5,85
2330,2022,2,74
2682,2024,5,80
590,2024,4,60
1433,2022,5,86
2977,2023,4,67
5,2022,5,55
1924,2024,4,72
387,2024,2,73
2873,2023,2,53
601,2022,2,99
343,2023,5,94
2019,2020,1,97
991,2023,3,90
767,2022,1,118
1529,2023,3,73
1766,2023,4,111
149,2022,3,103
2524,2022,5,57
2677,2024,4,67
191,2023,3,104
66,2020,5,72
478,2023,4,70
10,2024,1,98
1731,2022,5,97
1743,2023,3,56
2937,2024,5,106
1209,2023,3,81
1002,2024,4,74
2749,2021,2,76
1428,2023,1,108
2251,2023,1,57
521,2021,2,103
1310,2024,2,75
2692,2021,4,59
203,2024,2,52
1817,2020,2,103
2727,2023,2,99
931,2020,5,76
2563,2024,4,98
2432,2023,1,76
1146,2023,3,72
315,2024,5,65
1594,2020,1,88
1412,2024,5,114
602,2024,2,84
689,2022,5,55
797,2024,1,67
993,2023,1,98
815,2020,3,54
1726,2024,2,94
1252,2024,2,88
496,2024,2,80
1222,2024,1,109
1494,2023,2,94
2838,2021,4,87
1375,2023,3,73
2265,2021,1,64
389,2024,2,76
2540,2020,1,93
2618,2020,3,116
2544,2021,4,63
1509,2021,3,91
1219,2020,4,93
1730,2021,4,106
854,2023,5,89
1509,2022,5,115
319,2024,4,71
1968,2024,2,100
1715,2021,5,53
2814,2024,1,86
386,2020,3,92
154,2020,4,90
2898,2023,4,57
1223,2024,2,97
102,2021,4,57
2708,2023,5,77
1704,2023,5,88
1435,2020,4,86
565,2021,1,106
577,2022,1,104
854,2023,4,103
1717,2021,1,97
151,2020,5,99
2027,2023,2,103
2152,2021,4,86
1381,2020,1,69
379,2022,4,92
2797,2021,4,81
2960,2023,1,82
1966,2024,5,68
1397,2023,5,74
2514,2020,3,97
1916,2024,4,53
1455,2021,2,75
86,2020,3,66
1771,2021,2,106
354,2024,4,89
1456,2020,2,82
1170,2023,4,63
2445,2022,1,103
2410,2023,4,59
1909,2024,3,70
2059,2023,1,83
656,2023,4,51
1804,2020,2,64
52,2020,1,107
2238,2024,1,56
1318,2020,3,107
2482,2020,3,65
70,2021,1,112
1206,2022,5,83
1614,2023,3,73
995,2020,2,86
556,2023,4,61
1434,2022,3,84
2363,2020,2,61
2796,2021,5,106
1045,2023,1,60
1321,2020,5,96
658,2023,4,87
1654,2021,2,116
632,2022,3,67
1054,2023,1,107
1827,2024,5,70
1571,2023,3,69
2459,2024,1,96
351,2021,5,87
664,2020,2,76
868,2021,3,97
865,2021,1,79
1522,2023,3,111
2124,2022,5,105
2928,2024,1,119
596,2022,4,50
1715,2021,2,108
80,2020,4,85
1942,2024,2,68
301,2021,3,50
1640,2021,2,53
1442,2020,2,62
127,2023,4,92
1632,2022,2,81
993,2022,5,79
1820,2022,4,77
1173,2021,5,101
2268,2020,3,74
421,2022,5,119
1491,2023,2,97
1205,2024,4,119
903,2020,4,75
265,2024,5,101
1611,2020,3,58
1687,2021,5,57
991,2022,2,106
1954,2020,3,110
1416,2021,5,101
2630,2023,3,74
2090,2021,4,61
162,2024,1,107
2935,2020,1,76
861,2020,3,80
2994,2022,5,79
2031,2023,4,104
2768,2022,1,99
2205,2021,3,76
1791,2020,1,53
1250,2020,5,117
2454,2023,3,89
1532,2022,2,110
2704,2021,2,70
499,2024,3,102
2870,2020,5,101
2379,2021,3,68
2537,2024,1,60
2792,2021,2,76
525,2024,2,80
1057,2023,4,107
89,2021,1,72
1902,2020,1,107
1915,2021,4,120
572,2023,1,52
108,2024,1,100
493,2022,5,112
2501,2024,4,53
849,2022,5,87
702,2022,4,94
1123,2023,3,113
922,2021,1,65
1892,2024,4,100
153,2020,2,115
1024,2024,3,73
1049,2024,4,99
488,2020,2,83
763,2023,5,75
1917,2020,2,120
1775,2024,3,92
401,2024,2,64
2090,2020,3,79
1629,2023,2,59
1733,2020,3,65
1909,2022,4,98
328,2024,5,55
1698,2022,4,62
2985,2020,5,105
1953,2020,2,70
1799,2020,4,78
2282,2020,1,99
1648,2023,3,72
703,2022,2,89
2785,2021,5,51
2386,2024,4,78
2620,2023,1,99
270,2023,5,119
457,2020,5,96
2532,2024,5,53
1399,2020,4,75
303,2023,1,50
2557,2021,3,87
532,2024,3,93
1369,2021,2,56
1072,2022,1,79
1594,2021,1,111
2404,2023,2,114
1611,2024,3,52
661,2020,1,75
1339,2024,1,76
6,2023,1,69
1400,2021,4,56
523,2020,5,82
471,2022,4,107
2663,2020,2,112
528,2022,3,68
2500,2023,3,83
1222,2021,1,83
2704,2022,4,74
2118,2020,2,104
1809,2023,4,55
212,2020,2,74
469,2022,4,84
1437,2021,3,101
826,2024,5,66
1197,2021,4,96
1426,2020,5,73
2354,2021,1,88
2469,2021,3,115
1624,2024,2,50
1197,2024,5,96
1269,2021,3,118
2284,2022,2,63
2622,2020,5,62
1590,2021,2,77
534,2020,1,72
2631,2024,1,86
160,2024,2,102
2110,2020,1,86
155,2023,1,57
2272,2024,4,117
763,2020,2,64
168,2022,3,86
2504,2020,4,118
807,2022,1,88
480,2022,1,86
453,2024,5,78
680,2021,4,93
1469,2020,5,91
334,2020,5,62
543,2024,5,106
2893,2022,3,61
1965,2020,1,82
2500,2023,5,105
1007,2024,4,89
1944,2023,1,89
2498,2021,3,54
2836,2022,1,97
2078,2024,1,95
2693,2023,4,64
731,2023,5,59
2002,2022,5,71
657,2023,1,54
1875,2020,4,82
966,2020,4,63
2888,2021,1,111
217,2022,1,112
1843,2022,5,89
770,2020,1,115
1968,2022,2,87
1044,2020,4,114
441,2023,4,84
1926,2020,5,60
2306,2021,5,51
1633,2020,3,56
2317,2021,5,86
452,2023,1,70
886,2022,1,76
275,2021,5,101
1599,2020,3,67
2347,2022,1,68
1210,2022,1,105
1081,2020,5,54
2796,2024,1,72
680,2021,4,74
2942,2023,4,109
1481,2020,2,115
577,2021,1,89
380,2024,5,92
671,2024,1,61
1042,2022,5,60
1062,2023,3,73
1354,2022,1,90
541,2023,1,63
118,2021,5,58
2116,2023,2,110
2720,2024,3,75
2164,2020,3,88
726,2023,5,113
1514,2020,4,98
327,2024,2,60
445,2020,4,103
1401,2021,4,119
2017,2021,1,72
100,2023,1,109
1073,2022,2,98
2934,2023,1,51
617,2023,1,113
2054,2020,2,86
2214,2024,2,61
2718,2024,3,69
2386,2022,1,74
1854,2020,1,50
606,2022,1,118
2360,2021,2,105
1038,2021,1,87
2160,2021,1,59
2425,2024,2,89
1619,2020,3,59
1914,2021,4,99
2361,2023,5,80
1560,2020,5,96
2226,2020,3,120
2934,2020,2,102
2997,2022,5,78
492,2021,3,79
2541,2021,3,68
2788,2020,1,61
1730,2022,2,115
1469,2022,3,54
1489,2024,2,76
372,2024,3,106
2742,2023,1,89
1195,2022,1,108
2142,2023,1,59
2806,2020,2,57
362,2021,4,66
1510,2023,3,100
1291,2021,1,64
2446,2023,2,74
1184,2023,4,95
1809,2024,1,58
2285,2021,5,65
1337,2021,3,80
1236,2021,1,94
2465,2023,1,72
782,2024,2,53
531,2020,2,71
2745,2023,5,110
2829,2020,2,106
2567,2023,3,76
323,2021,1,94
216,2021,4,55
2396,2023,1,98
2899,2021,3,106
2071,2024,4,97
1816,2021,1,112
2628,2024,2,90
1867,2024,1,81
962,2023,5,55
2142,2022,5,81
2474,2020,3,99
631,2020,3,92
777,2021,4,103
2263,2020,2,101
1803,2023,5,84
2384,2022,5,89
1594,2024,5,51
1219,2023,3,94
2337,2023,5,58
2069,2021,5,96
124,2023,2,109
964,2023,4,50
2647,2024,1,62
1063,2023,1,65
2234,2020,1,91
2221,2024,1,95
2148,2020,2,112
93,2021,2,96
1965,2020,2,118
1572,2022,4,65
1541,2020,4,62
2075,2021,1,82
98,2021,5,57
1619,2023,5,107
2190,2020,3,76
2661,2021,3,114
866,2024,2,78
1155,2020,3,88
2470,2021,4,120
1895,2022,4,66
2237,2022,5,51
2792,2022,4,67
1921,2024,1,117
2279,2022,1,106
1572,2024,1,60
2804,2022,2,101
952,2021,2,106
262,2021,2,71
2226,2024,1,99
1627,2024,1,116
1360,2022,5,119
1892,2024,4,59
930,2022,3,102
199,2024,3,89
1880,2020,4,86
1103,2020,3,95
1712,2020,1,81
383,2021,1,56
2512,2020,4,108
841,2023,3,82
2913,2023,4,94
1082,2024,1,61
783,2023,2,110
1469,2024,3,106
2991,2021,2,86
2141,2021,5,103
2582,2022,3,93
2139,2023,4,68
1367,2024,5,71
689,2022,4,85
2363,2021,3,104
908,2021,2,103
1340,2022,4,56
63,2022,1,56
1421,2024,1,80
1666,2020,1,86
2402,2020,5,66
1674,2024,1,89
2427,2020,2,83
2310,2020,3,72
711,2022,2,95
1665,2020,2,116
141,2020,2,55
2929,2024,5,105
1413,2020,1,76
1440,2023,5,52
626,2022,3,98
1782,2023,3,119
2944,2020,5,103
758,2022,3,59
990,2021,1,89
1630,2024,2,54
2883,2022,4,117
810,2023,4,86
2502,2023,3,66
493,2023,3,57
2873,2021,2,61
1285,2020,5,56
1132,2023,1,55
844,2021,1,96
1597,2021,3,105
1711,2024,3,70
2309,2021,5,59
1661,2020,3,60
110,2021,5,55
1242,2023,5,54
1432,2020,5,89
194,2021,2,102
2872,2021,3,120
1231,2023,1,70
717,2024,3,73
1892,2024,1,108
2848,2021,3,64
1955,2021,3,86
419,2020,4,99
402,2024,4,61
420,2023,1,107
2665,2021,4,71
1869,2022,5,93
2241,2024,5,90
2296,2022,5,118
1293,2021,4,59
1567,2023,2,59
560,2021,1,108
644,2023,5,67
343,2020,1,76
691,2022,3,96
1625,2023,1,118
681,2021,2,99
2934,2020,4,62
1913,2023,2,67
4,2021,3,95
1325,2021,5,120
1280,2021,2,96
2823,2022,2,64
856,2023,1,69
1770,2023,5,100
922,2022,1,75
765,2022,1,99
2138,2020,2,79
102,2024,2,108
152,2020,4,78
21,2023,1,74
2703,2024,1,96
2989,2021,2,58
2739,2022,5,65
1894,2022,5,93
939,2023,4,71
13,2021,1,58
522,2023,3,79
1484,2022,2,65
565,2022,1,105
2737,2021,2,96
768,2022,4,86
484,2022,4,73
2460,2021,5,82
74,2022,5,100
2667,2024,1,69
2754,2022,5,74
1336,2021,5,108
2732,2023,1,81
2240,2021,2,68
1016,2022,4,89
178,2021,5,50
1614,2020,3,114
1762,2021,5,104
434,2021,4,56
356,2021,5,114
477,2021,4,117
1784,2022,5,114
2688,2022,5,80
2806,2023,3,116
251,2024,4,82
441,2023,5,73
1168,2023,1,118
59,2020,3,91
1470,2020,1,70
1581,2022,4,95
1000,2022,3,115
1527,2023,5,86
2234,2020,2,61
2827,2022,2,69
2790,2024,5,68
125,2023,5,66
1239,2020,5,64
2001,2023,1,51
316,2023,4,79
2716,2020,3,88
595,2023,5,51
27,2022,4,108
32,2020,4,98
432,2022,1,111
2762,2022,2,105
2174,2020,2,87
2257,2024,5,66
2989,2024,2,119
677,2020,1,67
1021,2024,3,108
2454,2023,4,98
2141,2024,1,66
2157,2022,2,70
2642,2023,1,54
41,2024,4,70
2141,2024,2,87
2000,2022,3,105
920,2022,4,108
865,2023,4,114
2972,2024,3,74
2706,2022,1,110
752,2024,1,88
1579,2021,3,54
2339,2021,2,72
2305,2020,2,106
2574,2023,3,69
2438,2024,4,69
2783,2021,2,69
763,2022,4,51
1832,2024,2,65
668,2020,1,79
1750,2021,5,90
91,2023,4,117
1850,2024,1,99
1009,2020,1,90
1206,2021,3,118
1716,2024,1,110
441,2024,5,70
2605,2024,1,59
1426,2020,2,118
1865,2024,5,67
798,2021,3,79
603,2020,1,118
1534,2023,4,109
1479,2024,5,52
2365,2020,5,60
2519,2020,3,104
2610,2022,3,79
2993,2020,2,106
596,2020,3,90
856,2020,3,66
2448,2024,3,69
128,2020,3,100
2290,2020,2,103
2331,2023,1,85
806,2021,5,75
2312,2021,5,62
2299,2022,2,92
1582,2022,4,66
1801,2023,4,87
2221,2022,1,102
2300,2021,4,81
944,2021,2,62
652,2021,2,85
2759,2024,2,106
1995,2023,3,120
2006,2023,4,68
224,2021,4,76
277,2024,1,62
1576,2020,5,68
965,2023,5,93
52,2021,4,95
1810,2023,2,63
2639,2023,3,62
1465,2023,1,79
1400,2024,4,84
1597,2023,3,118
2769,2024,4,83
2405,2022,4,116
746,2021,2,60
2094,2020,1,75
2758,2021,5,53
2342,2022,4,106
1101,2024,2,85
2269,2023,1,63
341,2023,3,101
890,2022,2,51
2737,2022,1,84
278,2020,3,112
2995,2022,5,68
1294,2024,2,72
876,2024,5,71
1422,2024,1,120
289,2020,2,83
377,2022,4,112
1504,2023,5,98
358,2020,2,57
1085,2022,1,63
2021,2020,4,92
483,2024,4,81
565,2023,2,89
624,2024,5,98
2092,2020,3,119
147,2023,3,58
1068,2022,3,99
104,2024,5,88
2539,2021,2,65
1422,2022,2,92
1198,2023,2,56
716,2020,1,62
659,2020,2,65
2614,2022,2,76
857,2021,5,61
1609,2024,3,72
215,2022,5,79
727,2022,3,91
1371,2023,2,85
2620,2021,1,54
1985,2020,1,118
2314,2022,5,59
1986,2023,1,113
715,2021,3,117
2259,2024,5,97
608,2024,2,55
2292,2023,2,87
1408,2024,3,53
2280,2022,1,73
1405,2022,3,120
2525,2022,1,75
1446,2020,2,102
1500,2023,3,95
1262,2024,2,97
1052,2022,4,113
677,2020,1,71
967,2024,4,54
2979,2022,2,96
2325,2021,2,85
2510,2024,1,95
409,2022,4,117
1483,2020,2,81
1,2021,3,74
1620,2023,3,81
2097,2024,4,106
1853,2020,3,57
1169,2023,2,56
723,2023,3,75
2524,2020,5,65
1839,2021,2,51
1919,2020,3,109
2762,2021,5,72
1056,2020,3,66
2248,2024,3,84
1268,2023,4,110
2927,2023,2,79
2046,2023,2,56
1920,2022,3,109
1522,2023,4,83
692,2024,3,57
1662,2023,4,56
1029,2024,3,110
2617,2020,3,106
917,2024,1,50
1762,2024,1,91
2567,2021,5,90
1214,2021,2,56
613,2021,4,60
39,2020,3,111
1171,2020,1,72
765,2024,1,87
2674,2023,2,97
1409,2024,3,73
1522,2023,5,77
2123,2022,4,64
220,2023,2,97
1255,2021,4,92
2332,2020,2,112
1481,2021,5,88
1561,2023,4,113
439,2021,1,84
1614,2020,1,67
1449,2020,3,88
2816,2022,2,51
656,2022,1,88
2672,2020,5,99
1232,2024,5,57
1643,2020,1,78
2785,2023,5,109
538,2024,2,86
2496,2023,5,119
2704,2020,1,96
1219,2020,1,90
1181,2023,1,70
2669,2024,1,54
726,2020,1,95
2095,2022,4,86
2932,2020,4,86
812,2023,2,119
1238,2021,2,67
2378,2021,1,50
2078,2024,5,54
79,2022,5,94
2266,2020,3,53
532,2022,4,66
2612,2022,4,84
1431,2024,5,80
399,2024,4,56
1194,2021,5,110
485,2023,4,68
2560,2023,3,120
153,2023,2,50
1719,2020,4,114
1933,2022,1,118
1551,2024,1,98
237,2023,5,111
1875,2022,4,78
2612,2024,4,59
1042,2023,1,99
2817,2022,2,94
1926,2022,5,112
170,2020,5,51
830,2022,1,84
1693,2023,5,105
1015,2021,5,59
2656,2021,2,74
1218,2022,4,60
1251,2024,2,92
2169,2021,4,101
2721,2024,5,77
1434,2020,2,62
1387,2024,4,69
71,2020,4,119
2811,2023,3,116
2009,2022,3,106
2130,2021,4,50
1104,2021,4,78
1378,2021,3,112
675,2024,4,84
68,2020,2,70
2662,2021,5,63
2016,2024,5,95
1535,2021,5,104
196,2023,4,106
2223,2023,2,88
1225,2021,3,95
952,2023,5,50
2186,2021,5,55
1135,2021,4,82
1500,2020,1,58
2138,2024,2,58
2882,2023,4,115
639,2022,4,101
1723,2022,5,79
1474,2024,5,57
550,2021,4,67
2385,2022,4,103
2135,2022,1,90
2549,2024,1,107
1377,2020,2,51
2713,2023,2,68
2468,2020,2,106
2995,2023,4,118
81,2020,2,102
2801,2020,4,114
1092,2021,4,104
2759,2024,1,115
1036,2020,5,52
452,2021,3,84
893,2023,2,53
1840,2021,1,92
1385,2020,3,66
654,2022,5,99
1031,2022,5,120
1727,2022,1,75
380,2020,2,100
1324,2023,5,61
1982,2020,4,99
2017,2023,1,56
729,2021,4,51
2288,2020,5,119
854,2022,1,110
1777,2022,2,60
210,2024,5,71
2219,2020,1,57
2936,2024,2,92
1912,2021,3,50
2492,2021,1,75
741,2021,1,96
1992,2023,3,52
2256,2023,4,111
672,2020,1,83
944,2024,4,103
2159,2023,1,79
2157,2024,2,119
2134,2024,1,99
2788,2024,2,66
552,2024,3,96
2334,2023,2,67
1451,2024,2,110
2030,2022,4,104
316,2021,2,62
1079,2024,2,106
505,2023,2,77
539,2024,2,60
46,2024,5,64
1092,2020,1,89
2126,2023,5,50
1318,2023,2,77
2451,2022,2,119
2468,2021,2,80
1083,2021,2,69
1505,2022,4,88
839,2020,3,54
509,2021,4,84
1814,2024,4,52
1921,2021,5,73
624,2024,3,112
2118,2022,1,111
1733,2023,4,53
2870,2020,4,62
2410,2022,4,119
1816,2021,2,107
1007,2021,4,57
1398,2022,3,93
405,2024,3,112
2930,2020,5,57
1832,2023,1,111
2137,2021,1,85
2118,2023,2,113
1394,2022,1,88
1916,2024,2,119
852,2024,1,61
950,2022,4,99
1024,2020,3,92
1174,2021,1,91
511,2024,2,57
2163,2022,5,78
747,2021,2,117
2341,2022,5,65
42,2024,3,51
2173,2020,1,84
1958,2022,2,115
2565,2021,1,114
2126,2022,1,94
2540,2022,2,65
218,2024,1,73
63,2022,2,83
2759,2023,5,96
2732,2022,4,50
26,2021,5,76
78,2021,1,96
395,2022,3,116
93,2024,2,64
2891,2020,5,93
2432,2020,5,52
392,2023,4,114
1047,2020,3,103
1369,2023,3,77
922,2021,4,69
1739,2024,2,118
1686,2023,2,108
122,2024,1,75
1692,2020,1,110
2867,2020,3,103
886,2020,1,83
1996,2020,1,97
231,2021,4,68
894,2021,2,91
1390,2020,5,54
1525,2020,2,100
2945,2021,4,112
157,2024,1,66
1396,2021,4,64
2058,2023,2,68
2332,2024,5,67
2943,2023,1,114
2795,2024,1,93
2839,2020,1,77
1390,2023,3,116
299,2022,3,77
974,2023,5,85
1715,2022,3,79
1297,2023,3,74
2183,2022,1,64
2272,2021,4,98
2961,2023,3,53
1708,2024,1,110
1109,2021,3,53
586,2023,3,65
235,2023,3,51
2420,2023,3,111
1645,2023,1,99
612,2023,3,54
440,2020,2,101
1412,2023,2,69
380,2024,2,66
529,2020,3,107
1204,2024,3,73
496,2020,2,119
2221,2021,5,94
2829,2024,5,53
893,2023,5,74
1704,2022,3,93
2198,2022,3,84
2421,2024,2,119
670,2023,1,90
547,2022,2,104
812,2022,1,101
2805,2022,1,54
2481,2021,4,70
1108,2024,3,116
1681,2021,1,50
2941,2024,4,109
370,2023,5,95
1647,2024,2,64
841,2021,2,73
951,2022,3,52
1123,2022,1,65
1402,2022,2,87
1653,2022,2,85
947,2022,3,53
2705,2023,1,91
279,2023,2,74
1686,2022,1,83
2934,2020,5,76
1302,2020,4,94
1755,2022,5,110
2489,2023,4,79
1121,2020,3,66
756,2024,3,55
734,2023,2,68
2079,2024,5,99
129,2024,1,98
2462,2022,3,95
1646,2021,2,52
2908,2020,3,75
335,2021,1,65
1294,2023,5,83
392,2022,5,107
650,2021,5,114
1499,2021,3,90
636,2023,3,52
1313,2023,4,64
544,2020,3,80
1694,2021,5,109
2497,2022,5,107
1561,2020,5,75
2500,2023,3,94
193,2021,5,100
463,2023,5,64
729,2024,3,58
327,2020,4,56
1623,2020,1,97
2275,2022,5,115
2390,2024,3,68
1548,2024,5,112
930,2023,1,63
1543,2020,3,90
1585,2024,2,92
245,2022,1,79
2408,2024,3,101
702,2022,4,88
513,2020,5,63
2611,2021,1,54
1864,2023,1,108
1596,2023,3,120
1628,2021,5,83
432,2024,3,119
1048,2023,2,87
618,2023,2,83
1849,2022,3,50
1817,2023,3,74
1108,2020,2,115
1114,2023,2,67
2702,2021,2,50
1806,2023,1,99
716,2022,2,55
1319,2020,3,98
2895,2024,4,106
2665,2021,4,107
1296,2023,3,117
2863,2023,2,87
1019,2020,1,78
155,2022,1,83
2042,2020,1,119
1004,2022,3,70
275,2023,2,86
2194,2024,1,64
2622,2020,4,60
2674,2020,2,67
842,2023,4,86
1315,2020,4,57
2941,2021,1,88
1390,2020,3,66
2976,2023,2,88
2383,2024,3,84
1831,2022,4,71
1418,2022,4,75
2450,2024,2,114
145,2024,3,76
732,2022,1,114
2884,2023,1,76
2372,2024,1,79
454,2021,1,82
2801,2024,1,111
1440,2020,2,92
2212,2023,2,72
2059,2021,5,61
79,2020,2,79
1021,2022,3,74
2889,2022,3,120
1129,2024,3,60
1176,2020,5,62
2512,2020,4,107
2435,2023,5,102
2194,2022,4,92
1152,2021,2,75
1722,2021,3,78
145,2022,5,57
1009,2023,4,75
2987,2023,2,110
1845,2021,5,65
2958,2021,3,93
2558,2024,2,111
2656,2020,4,52
2635,2023,4,112
1475,2022,3,104
1308,2024,1,110
2798,2022,2,67
1730,2024,5,84
2942,2024,1,75
1989,2020,3,56
710,2020,5,120
874,2024,5,104
373,2023,2,55
2018,2022,2,50
384,2021,3,84
709,2022,4,117
1328,2023,3,59
406,2020,5,67
1643,2022,4,117
1501,2020,2,81
69,2024,2,75
1110,2021,1,120
1327,2023,2,63
412,2022,2,84
1044,2022,1,113
737,2024,1,92
236,2021,2,95
46,2023,4,113
324,2020,4,107
946,2023,5,54
1314,2024,3,109
2884,2024,4,72
492,2024,4,55
1102,2022,3,113
45,2020,1,93
358,2020,3,91
1775,2023,1,87
1332,2023,5,100
1311,2024,5,71
430,2021,5,72
1388,2022,2,59
1496,2022,5,105
1226,2021,2,109
782,2020,4,69
2441,2020,4,92
662,2023,2,113
2011,2024,1,75
834,2022,2,87
2006,2020,1,56
451,2020,2,107
1808,2021,1,84
1574,2021,1,79
2142,2021,5,85
839,2022,3,53
2287,2023,1,119
2698,2021,3,115
1943,2020,5,114
2227,2022,4,103
2258,2024,4,101
1082,2020,3,67
1046,2020,4,76
1320,2022,1,110
149,2021,2,63
2195,2022,2,74
1442,2024,3,108
1289,2022,5,113
481,2022,4,60
1956,2022,1,65
2245,2022,1,69
1163,2023,1,94
1676,2021,2,71
2478,2023,4,104
2608,2023,2,114
2423,2024,2,104
127,2024,1,106
524,2024,4,75
2400,2023,5,71
157,2024,3,96
2195,2021,2,109
1525,2022,4,86
2687,2024,3,98
2716,2020,4,56
605,2022,1,59
1109,2022,2,110
1769,2022,5,68
790,2020,5,56
2230,2024,4,82
2265,2020,2,53
539,2021,5,66
994,2024,3,71
43,2023,5,64
2964,2021,1,114
354,2023,3,114
2684,2022,5,113
2804,2020,4,69
1083,2020,2,87
2517,2020,1,55
1638,2021,4,118
2212,2023,5,108
1265,2021,3,117
1411,2023,5,58
2537,2024,1,94
1717,2022,1,105
1842,2024,1,63
1584,2021,2,118
153,2023,2,97
565,2020,4,93
1872,2021,3,63
664,2024,3,85
220,2023,3,98
247,2021,5,56
578,2024,3,93
291,2024,3,78
1401,2023,2,50
2109,2024,2,54
702,2023,3,76
2989,2024,4,112
885,2023,4,71
2915,2021,4,116
1633,2021,4,108
2061,2023,1,100
2852,2020,1,60
1954,2020,2,61
2686,2021,3,76
1101,2020,5,110
653,2021,5,100
2647,2020,4,113
19,2023,2,89
94,2021,5,90
1167,2021,4,113
2362,2021,1,100
1991,2022,1,120
2900,2020,5,55
2513,2024,1,67
1151,2022,1,95
2149,2023,5,119
2788,2023,1,73
1957,2021,1,119
499,2021,4,89
520,2021,4,83
346,2024,2,90
284,2020,1,66
107,2020,5,110
1527,2021,5,77
588,2021,3,105
2760,2020,4,71
95,2024,5,108
2030,2024,5,107
2640,2022,3,58
2631,2022,3,101
845,2024,4,54
2547,2024,2,67
401,2023,5,120
1370,2024,1,84
1361,2023,5,100
1800,2021,2,109
2101,2021,4,100
181,2024,5,55
1341,2023,2,101
1300,2021,5,111
2946,2023,4,53
2168,2023,3,113
2912,2020,5,69
2476,2021,1,77
2680,2021,5,68
1704,2021,1,83
2490,2024,3,58
2720,2021,4,85
957,2023,4,79
1259,2021,1,99
1121,2022,2,97
888,2021,3,59
877,2020,4,102
1112,2023,4,57
1579,2022,5,109
19,2022,1,54
777,2024,1,92
513,2021,1,87
2880,2021,2,108
2635,2024,5,116
2315,2021,4,92
1259,2021,4,73
501,2021,5,119
2650,2022,5,114
299,2021,4,85
1627,2021,3,68
749,2023,1,71
2207,2021,5,83
2798,2023,5,62
727,2022,3,97
2899,2021,2,104
118,2023,3,59
964,2024,5,52
543,2020,4,70
1856,2023,3,120
1277,2020,3,118
1297,2021,4,52
2130,2023,1,100
2552,2020,1,91
2416,2024,1,96
554,2021,2,94
900,2021,1,117
2111,2021,4,82
2074,2020,3,109
2893,2024,3,62
1032,2021,2,75
1976,2021,5,59
29,2020,3,61
308,2024,5,120
1145,2021,2,51
342,2024,4,120
280,2020,5,90
1840,2024,1,76
215,2022,4,64
482,2024,2,94
152,2020,5,118
2091,2024,3,63
2013,2024,3,55
2284,2024,1,57
732,2022,5,117
1405,2024,1,52
550,2021,1,57
1347,2022,5,66
2018,2021,1,58
1466,2021,5,82
161,2023,3,51
1188,2022,5,50
456,2022,5,113
2986,2023,2,72
306,2021,3,114
924,2021,5,97
1526,2021,5,116
1013,2023,2,71
182,2020,1,99
1664,2022,2,51
268,2024,2,51
2181,2020,2,85
1254,2023,1,88
2252,2023,2,96
1975,2020,5,61
2794,2022,4,60
1377,2021,2,103
2772,2020,2,50
2216,2021,3,117
2644,2024,5,50
912,2020,3,119
256,2020,4,53
802,2024,4,92
2173,2021,1,71
2345,2024,2,101
1571,2021,4,97
1695,2021,4,57
868,2021,5,67
170,2021,3,60
2396,2022,5,61
539,2020,5,65
1530,2023,1,63
2334,2022,4,65
781,2023,3,79
124,2021,5,61
2515,2020,4,70
2482,2024,1,84
1872,2020,4,63
504,2023,5,50
1924,2023,4,113
413,2024,3,64
676,2024,2,50
1069,2024,4,111
374,2021,5,116
530,2020,1,108
1426,2023,4,78
2898,2021,3,54
2270,2023,3,62
1802,2022,3,98
549,2024,4,95
156,2020,2,52
1802,2023,5,112
1820,2021,4,101
1306,2022,2,57
1039,2023,4,115
2764,2023,4,92
1004,2021,4,88
724,2024,4,83
2193,2024,1,84
2993,2020,5,99
789,2022,4,75
2190,2021,1,80
2538,2024,1,92
617,2020,3,88
904,2021,2,72
2837,2023,4,79
272,2023,2,61
1467,2020,2,51
280,2021,4,72
121,2024,2,85
995,2021,3,50
2507,2023,2,93
445,2021,3,60
2643,2020,3,51
2801,2022,1,81
2048,2021,4,55
1917,2022,4,82
2528,2023,5,111
126,2020,5,96
1409,2020,4,109
2094,2021,1,118
2250,2024,5,119
1763,2022,4,51
1736,2022,2,106
1096,2020,2,57
73,2021,1,86
2076,2021,3,78
732,2020,5,78
2404,2020,5,64
2976,2023,3,56
2025,2024,4,101
1618,2022,5,98
512,2020,2,98
337,2024,2,65
2537,2023,1,89
2145,2021,2,57
1050,2021,2,110
248,2020,2,114
1222,2020,4,77
843,2020,4,93
1142,2024,5,72
28,2024,1,89
2679,2020,3,103
1830,2022,4,94
2689,2021,5,102
1288,2023,3,110
1377,2023,2,102
2623,2024,1,68
904,2022,5,98
151,2021,2,76
1088,2020,3,112
2038,2022,5,77
2625,2020,2,53
2267,2020,4,51
2551,2022,5,90
1562,2024,5,71
734,2024,3,85
319,2024,2,84
2659,2024,3,100
2267,2020,2,91
168,2020,3,105
420,2020,2,119
431,2021,3,98
2866,2020,2,94
275,2024,2,91
219,2020,3,69
2185,2023,4,100
1337,2024,1,51
2513,2022,3,78
2777,2023,3,87
2311,2020,5,87
277,2021,5,71
1210,2020,2,84
2783,2021,3,58
1380,2020,2,119
2717,2021,5,89
1327,2021,5,74
2219,2024,4,106
2113,2021,2,104
590,2022,3,110
2916,2021,4,120
2223,2021,3,53
2250,2021,4,77
284,2024,1,57
1459,2020,1,58
171,2022,3,62
566,2020,5,78
1473,2022,2,78
2835,2021,2,108
975,2023,5,60
992,2020,3,85
758,2022,2,61
2058,2022,3,89
2720,2023,5,56
1020,2024,4,89
2954,2020,5,88
2598,2020,2,54
2927,2023,1,89
2956,2023,1,109
340,2021,4,51
1240,2023,5,78
2161,2022,1,100
217,2021,2,101
2020,2021,2,116
59,2023,4,68
2396,2023,1,106
2275,2020,5,112
1935,2021,5,81
2470,2023,5,96
2922,2023,2,68
1247,2024,3,101
153,2020,4,61
1181,2022,5,88
2537,2022,1,60
1250,2022,5,112
2814,2021,1,101
818,2023,1,107
2042,2023,3,88
404,2023,5,61
367,2020,5,109
57,2024,5,113
123,2020,1,90
963,2023,3,62
1538,2020,1,101
1517,2020,3,57
2664,2024,4,102
2887,2024,1,70
1872,2021,4,99
2467,2021,2,119
2928,2022,5,110
1071,2022,5,56
1631,2020,1,111
1233,2023,4,109
1904,2023,3,106
2379,2020,5,119
2150,2022,4,66
2209,2021,3,106
331,2021,3,112
433,2024,4,53
2128,2022,3,99
1017,2021,4,107
390,2020,4,105
1367,2022,3,119
342,2024,3,73
1001,2023,5,63
749,2022,5,73
2363,2021,2,99
883,2021,2,59
417,2022,1,75
67,2020,1,91
1941,2022,4,50
1797,2021,4,87
1322,2020,1,90
1217,2023,5,120
2328,2024,1,79
1935,2022,3,58
391,2023,3,78
148,2022,4,109
818,2022,3,98
2987,2020,4,67
1611,2021,3,115
997,2020,4,106
850,2024,3,105
2951,2023,3,106
827,2024,4,113
2177,2020,2,81
72,2022,2,110
2134,2022,3,69
82,2023,3,94
1393,2020,2,95
2782,2021,3,93
400,2023,1,118
202,2024,3,119
2495,2022,5,95
2538,2021,5,77
1747,2021,3,80
1557,2022,2,83
295,2024,4,90
2992,2020,5,83
504,2023,2,100
1416,2021,3,66
1624,2024,2,113
1438,2024,4,68
2506,2021,3,78
2703,2021,1,85
2050,2020,2,62
1048,2024,5,102
751,2022,3,67
2119,2023,1,75
197,2020,2,63
2798,2022,4,66
1376,2022,2,54
1359,2020,1,57
789,2023,1,99
1418,2023,4,58
1508,2021,5,101
2344,2021,3,71
139,2022,3,54
2492,2021,4,114
2101,2024,2,73
1304,2022,1,75
2411,2020,3,66
1115,2022,1,117
133,2020,3,87
1462,2023,1,113
1861,2023,3,105
2492,2023,5,101
2283,2023,3,103
700,2024,4,78
1477,2023,1,93
147,2024,2,69
1726,2020,2,90
2518,2021,5,103
1149,2024,3,89
679,2020,2,117
1697,2023,5,69
2642,2022,1,61
1444,2023,1,61
1924,2021,1,78
163,2022,5,116
2512,2023,4,60
2933,2021,3,111
442,2023,3,106
1904,2021,1,105
2861,2022,3,116
1879,2023,3,84
1848,2022,3,90
710,2021,5,75
2979,2022,5,103
313,2020,1,84
2323,2024,1,114
63,2022,2,96
2283,2020,5,111
1152,2023,2,59
1982,2023,1,52
395,2021,2,51
127,2023,5,78
299,2024,1,80
2836,2020,3,118
201,2022,2,103
1810,2021,3,84
2078,2024,2,59
152,2023,1,120
1359,2023,3,91
2431,2022,2,112
666,2023,4,94
2235,2023,4,102
2651,2023,3,101
2245,2024,2,72
444,2023,5,82
391,2024,2,101
803,2023,4,82
1734,2023,5,110
1924,2022,4,82
329,2021,5,54
2616,2022,5,91
2681,2020,5,120
2049,2023,1,103
1019,2024,1,107
608,2022,3,60
784,2021,4,117
2757,2020,3,116
2262,2020,3,76
2317,2023,3,113
1786,2021,5,64
2378,2020,2,81
2178,2022,4,60
2163,2024,1,118
2367,2022,5,61
2057,2020,1,78
1147,2023,2,116
1545,2023,2,79
933,2020,4,66
2781,2022,3,102
1966,2021,1,59
2090,2024,4,105
573,2023,1,90
773,2020,1,57
2219,2020,1,87
822,2024,1,53
2140,2020,1,92
124,2022,3,55
2903,2021,4,64
481,2022,5,55
530,2024,5,97
265,2023,5,117
2630,2022,1,120
1450,2022,2,96
765,2021,4,58
224,2020,5,102
2572,2021,5,111
1180,2021,4,74
2378,2023,4,104
1855,2024,5,95
1019,2023,5,83
1596,2024,1,53
2714,2024,3,56
1753,2023,1,79
622,2022,2,69
229,2021,1,110
1532,2021,3,111
2040,2022,5,59
2014,2022,1,50
99,2020,2,112
2063,2020,4,75
2429,2022,1,80
196,2024,2,114
819,2021,3,85
2057,2021,5,116
2430,2024,3,73
599,2024,1,79
202,2024,4,73
144,2024,4,109
735,2024,5,85
1373,2024,1,93
598,2021,3,106
2590,2024,2,64
2318,2020,4,55
1860,2024,4,54
173,2023,5,75
1699,2024,5,99
2452,2024,3,120
1719,2021,5,53
1845,2023,3,97
541,2022,5,103
2883,2021,3,119
288,2020,2,54
152,2021,1,118
2504,2023,5,59
1142,2024,2,105
1117,2020,5,72
201,2023,3,54
1496,2020,3,78
800,2024,3,110
987,2020,5,102
1743,2024,2,74
1087,2023,3,91
2949,2024,3,68
2874,2023,4,113
2307,2024,5,97
2565,2020,5,103
2977,2021,4,74
1125,2022,2,103
2113,2022,3,81
418,2022,2,94
1690,2024,1,58
2683,2021,3,117
2128,2021,3,119
2845,2021,3,97
1819,2021,2,54
178,2021,4,81
2082,2022,5,63
752,2024,3,73
1683,2022,5,96
3000,2024,3,110
606,2024,5,76
1247,2020,2,106
1426,2021,3,67
2671,2022,3,107
388,2023,2,70
3000,2024,3,119
1471,2021,2,99
1126,2024,1,53
2432,2023,4,58
1193,2024,5,79
1220,2024,1,119
1264,2023,3,82
1958,2021,2,76
315,2024,1,114
1060,2023,3,106
2529,2020,1,64
1279,2024,5,108
1362,2022,3,51
3,2020,1,93
2204,2021,4,104
2266,2023,1,96
814,2022,4,59
803,2020,3,112
1492,2020,4,104
2756,2024,3,102
1298,2021,5,55
2835,2021,5,103
294,2023,5,105
2849,2022,4,111
2817,2021,5,101
700,2023,4,119
2456,2024,3,75
1714,2020,2,109
1307,2022,5,118
1709,2020,4,106
2573,2023,3,94
419,2020,1,78
2474,2024,2,77
2190,2021,1,54
2552,2020,4,91
2672,2021,2,80
296,2024,5,99
979,2021,3,91
2803,2024,4,84
1466,2023,3,98
2378,2023,1,75
272,2021,4,70
1062,2020,3,90
865,2023,1,55
300,2021,5,62
2476,2022,2,68
1151,2021,3,94
2533,2023,3,85
1979,2023,3,112
1715,2024,4,77
2480,2024,1,114
313,2024,3,116
2495,2023,1,92
1741,2021,4,61
583,2022,4,120
2587,2024,4,79
684,2022,2,53
1086,2022,4,97
904,2023,2,68
685,2023,4,68
2471,2021,2,71
168,2020,3,61
1439,2020,2,117
2673,2022,2,110
996,2023,1,64
1098,2024,5,105
542,2024,2,77
1326,2024,2,81
2847,2021,1,53
1834,2023,5,51
716,2022,1,95
2646,2021,3,111
1166,2022,5,73
1581,2024,4,53
1514,2022,1,85
2171,2023,3,60
2791,2020,1,120
1901,2024,1,98
1390,2024,3,114
2760,2023,5,88
1188,2023,3,85
1971,2024,2,64
106,2020,3,120
2465,2021,3,58
1739,2020,1,77
1594,2024,3,76
399,2024,2,61
2246,2023,3,81
898,2022,3,61
1366,2020,5,63
663,2022,1,98
1150,2023,3,77
796,2020,5,82
2196,2022,3,104
2968,2024,3,87
2089,2021,5,62
2958,2024,4,101
2422,2023,4,102
1921,2022,5,108
32,2020,3,102
2830,2020,4,116
2848,2021,5,101
2745,2024,4,52
711,2023,3,69
1169,2020,4,52
589,2021,1,70
2150,2023,4,99
950,2021,2,86
2002,2022,3,97
1052,2024,1,70
1203,2020,4,72
402,2023,2,63
794,2024,4,100
1296,2023,4,88
2891,2022,4,98
2106,2021,4,57
999,2022,4,75
21,2021,5,88
1203,2020,3,117
1462,2024,1,80
553,2023,4,85
40,2022,5,74
2824,2020,3,114
2837,2022,2,68
422,2022,2,108
2676,2020,1,97
2039,2023,1,91
2630,2020,1,69
500,2020,2,68
73,2020,4,77
584,2022,4,91
715,2022,2,108
252,2021,2,71
1206,2021,5,69
1954,2021,1,106
1296,2021,2,82
1547,2020,3,96
2559,2023,3,92
1238,2023,4,85
1083,2020,3,118
1943,2020,3,119
77,2020,1,51
255,2021,3,100
544,2022,4,76
1365,2024,4,110
1037,2020,4,119
276,2024,5,50
1047,2021,5,110
841,2020,3,70
2727,2023,2,97
1915,2024,2,84
801,2023,3,92
312,2023,5,112
2906,2022,2,71
1404,2024,2,50
1828,2024,1,52
1042,2022,3,90
259,2020,2,52
1705,2022,1,117
2600,2021,1,98
113,2024,3,54
146,2020,1,113
2058,2020,1,81
2032,2023,3,66
2274,2022,3,90
897,2021,2,77
1528,2023,3,116
2090,2023,3,80
1782,2020,1,104
1364,2021,2,83
1588,2023,2,111
685,2023,1,111
186,2021,3,116
1230,2024,2,92
1017,2023,3,105
13,2024,5,83
2926,2021,1,83
1073,2023,2,99
288,2024,5,86
2980,2022,3,65
1166,2021,3,110
1348,2021,1,103
669,2021,5,63
2278,2022,5,99
1362,2022,3,75
173,2023,1,120
2907,2024,2,73
2580,2024,3,66
146,2024,2,106
191,2020,5,107
2906,2020,5,73
2946,2023,2,50
2106,2022,2,83
2515,2020,1,72
2413,2020,5,108
1541,2020,3,119
388,2022,1,93
2830,2023,2,51
76,2021,2,93
1866,2022,3,57
1122,2022,1,104
1978,2024,1,52
